filename,activity_label,activity,mean_magnitude,standard_deviation,maximum_magnitude,x_range,y_range,z_range
1_20260913150043.csv,0,No activity,1.0296174686804322,0.04068338801482527,1.1088149329070784,0.16571044921875,0.0720672607421875,0.220367431640625
2_20260913150054.csv,0,No activity,1.0113690287805737,0.04248041302719671,1.1477738445846202,0.2212677001953125,0.1168212890625,0.37286376953125
3_20260913150105.csv,0,No activity,0.9840415763229651,0.048540609735200864,1.041913113324214,0.62725830078125,0.1390380859375001,0.3134918212890625
4_20260913150115.csv,0,No activity,1.0034641553691797,0.028910181965712087,1.0447647600506256,0.1711578369140625,0.08706665039062522,0.3175506591796875
5_20260913150126.csv,0,No activity,1.047647620593766,0.11856809979224117,1.2370869600966792,0.5009918212890625,0.34161376953125,0.114715576171875
6_20260913150137.csv,0,No activity,1.3965232590364387,0.22616186582456826,1.7117731022861935,1.1474609375,0.55706787109375,0.593719482421875
7_20260913150148.csv,0,No activity,1.1807692710798583,0.3376596852917576,1.7561009621943018,1.580230712890625,0.810577392578125,0.5592803955078125
8_20260913150159.csv,0,No activity,1.020284099389234,0.2611858241455192,1.5330463476570866,1.3324127197265625,0.6881256103515625,0.2945098876953125
9_20260913150210.csv,0,No activity,1.1393485636413336,0.26617492172144647,1.7438666446476792,1.3791351318359375,0.711883544921875,0.486175537109375
10_20260913150221.csv,0,No activity,0.9031589095341502,0.054546125842604314,0.9559006428062762,0.06549072265625,0.143341064453125,0.0384674072265625
11_20260913150232.csv,0,No activity,1.0218307876908017,0.08958134197392868,1.2084720110179452,0.660186767578125,0.28753662109375,0.23150634765625
12_20260913150243.csv,0,No activity,1.014791494745025,0.17908501140049804,1.377083424733882,1.04376220703125,0.4467926025390625,0.2354736328125
13_20260913150254.csv,0,No activity,1.184093557070264,0.22065633735384696,1.5328220641794619,0.9330291748046875,0.5837554931640625,0.383941650390625
14_20260913150305.csv,0,No activity,1.043634066347976,0.20093721365777137,1.5604491200970172,1.31866455078125,0.7212677001953125,0.7842254638671875
15_20260913150316.csv,0,No activity,1.0623465863559896,0.2031815625651008,1.6125403754874046,1.2687225341796875,0.711639404296875,0.477752685546875
16_20260913150327.csv,0,No activity,1.0104703552877867,0.1136503883949789,1.2486598857344513,0.710784912109375,0.33868408203125,0.2864837646484375
17_20260913150337.csv,0,No activity,1.1127715316911584,0.17620608235227958,1.4820252075974532,1.0953521728515625,0.4885101318359375,0.287384033203125
18_20260913150348.csv,0,No activity,1.0475151721450784,0.11890139373661548,1.2990353714726408,0.907012939453125,0.3563385009765625,0.261260986328125
19_20260913150359.csv,0,No activity,1.0493814230510996,0.1528211796956393,1.3995437546999543,1.0715484619140625,0.4758758544921875,0.4383697509765625
20_20260913150410.csv,0,No activity,1.0659144950805437,0.1799279818890424,1.4813543910558045,1.169586181640625,0.550689697265625,0.3950347900390625
21_20260913150421.csv,0,No activity,1.0786805049809416,0.18376219873440858,1.477816042447765,1.1930999755859375,0.5128936767578125,0.491668701171875
22_20260913150432.csv,0,No activity,1.0814541636220045,0.25429065795202777,1.679721092633957,1.380279541015625,0.5331268310546875,0.464202880859375
23_20260913150443.csv,0,No activity,0.9660815013980477,0.0990268706964048,1.2406520408687989,0.7919921875,0.324462890625,0.209136962890625
24_20260913150454.csv,0,No activity,1.041160122113032,0.16754506036803188,1.5313977933800897,1.3929290771484375,0.4732818603515625,0.3423309326171875
25_20260913150505.csv,0,No activity,1.1389102485830944,0.2899502779603465,1.7463312980871932,1.2224578857421875,0.950531005859375,1.3678131103515625
26_20260913150516.csv,0,No activity,1.1449893487285085,0.2424564409607179,1.570104955217953,1.1611175537109375,0.7076416015625,0.83477783203125
27_20260913150526.csv,0,No activity,1.0393388461597133,0.19985054512904601,1.499291773241962,1.2542572021484375,0.4862823486328125,0.4207611083984375
28_20260913150537.csv,0,No activity,1.1326159716919408,0.25908863994500586,1.609734693077073,1.3243255615234375,0.575347900390625,0.420440673828125
29_20260913150548.csv,0,No activity,1.0578815453733816,0.17631511633856678,1.4645260549790389,1.497314453125,0.51837158203125,0.329681396484375
30_20260913150559.csv,0,No activity,1.2135361850016184,0.3210753526858669,1.9808886159248962,1.94891357421875,0.88897705078125,0.589447021484375
31_20260913150610.csv,0,No activity,1.0092435045044144,0.10009958230587776,1.250241780925983,0.8596038818359375,0.3355255126953125,0.3358154296875
32_20260913150621.csv,0,No activity,1.1101828713611133,0.30653727623688887,1.9333991811977096,1.589813232421875,0.77459716796875,0.486053466796875
33_20260913150632.csv,0,No activity,1.043588556707913,0.1694646787621874,1.4954364434663767,1.4728546142578125,0.398529052734375,0.261383056640625
34_20260913150643.csv,0,No activity,1.1669832966056173,0.3456442925995594,1.7770935055344512,1.621826171875,0.6773529052734375,0.41644287109375
35_20260913150654.csv,0,No activity,1.136369263789143,0.1739823714256252,1.4205970377313601,1.2962646484375,0.5229949951171875,0.3966217041015625
36_20260913150705.csv,0,No activity,1.0045214791211927,0.09387342954629915,1.2555222256180223,1.436309814453125,0.474853515625,0.3391876220703125
37_20260913150716.csv,0,No activity,1.0408067338864702,0.1604403027114543,1.3078805461145935,1.21429443359375,0.5844573974609375,0.439483642578125
38_20260913150727.csv,0,No activity,1.0158385770583753,0.10004993131357962,1.2203658864530627,0.5559539794921875,0.377838134765625,0.18927001953125
39_20260913150738.csv,0,No activity,1.0890763070478653,0.15658209436135342,1.4272859741039567,1.1936187744140625,0.517303466796875,0.262420654296875
40_20260913150749.csv,0,No activity,1.0159339802878578,0.09763865453772835,1.2782466108030355,0.840484619140625,0.3954925537109375,0.2081451416015625
41_20260913150800.csv,0,No activity,1.0421495469271695,0.0895592643779521,1.1745047496553371,0.396392822265625,0.2141723632812499,0.0777587890625
42_20260913150810.csv,0,No activity,1.0361546847720937,0.09294449792420384,1.2440599415553555,0.7135467529296875,0.312835693359375,0.121551513671875
43_20260913150821.csv,0,No activity,1.0011926543808098,0.06811133639080606,1.1201558623999655,0.9335479736328125,0.2999725341796875,0.2108154296875
44_20260913150832.csv,0,No activity,1.2715023392878309,0.27026702506257794,1.6292996195293543,1.381011962890625,0.8274383544921875,0.2346038818359375
45_20260913150843.csv,0,No activity,1.245965361394553,0.27344226039484565,1.670905552279844,1.297882080078125,0.7665252685546875,0.3871917724609375
46_20260913150854.csv,0,No activity,1.0070355438844958,0.09372211113574345,1.1912425669420568,0.885589599609375,0.3047637939453125,0.1693878173828125
47_20260913150905.csv,0,No activity,1.0447780508297044,0.05865666242314814,1.130117495969642,0.6802520751953125,0.209747314453125,0.1673736572265625
48_20260913150916.csv,0,No activity,0.9989574775150938,0.06996287218700764,1.1887970905905925,0.6807098388671875,0.2422637939453125,0.1589508056640625
49_20260913150927.csv,0,No activity,1.0248638444793317,0.045348717025092584,1.122511003604674,0.716796875,0.155426025390625,0.25177001953125
50_20260913150938.csv,0,No activity,1.0007906942681626,0.0514174866139924,1.11041420558154,0.5111846923828125,0.1794891357421875,0.1209564208984375
51_20260913150949.csv,0,No activity,1.0074929015668916,0.12084096808818028,1.3786178739337065,1.0025787353515625,0.431121826171875,0.26043701171875
52_20260913151000.csv,0,No activity,1.1025300761891743,0.21624024702411448,1.6524771830665554,1.1448211669921875,0.674072265625,0.38427734375
53_20260913151011.csv,0,No activity,0.9767265835561108,0.04968625027673566,1.0477432248743241,0.5654754638671875,0.2411651611328125,0.0853424072265625
54_20260913151022.csv,0,No activity,0.9999836803750064,0.01396263153716267,1.014737456889508,0.0483551025390625,0.04693603515625,0.0394439697265625
55_20260913151032.csv,0,No activity,0.9967050351346421,0.011002989483445113,1.018311198624645,0.0696258544921875,0.03929138183593761,0.0640716552734375
56_20260913151043.csv,0,No activity,0.988739523966817,0.009117898531515312,1.011097519952028,0.04052734375,0.025848388671875,0.058563232421875
57_20260913151054.csv,0,No activity,0.999908232403539,0.009312463903453673,1.0226431912356306,0.034698486328125,0.03274536132812489,0.0655670166015625
58_20260913151105.csv,0,No activity,1.0041303161472268,0.010986318470754413,1.0214771315853928,0.2120513916015625,0.0340576171875,0.07159423828125
59_20260913151116.csv,0,No activity,0.9956407832527724,0.015500424653409459,1.02176839039699,0.207305908203125,0.0449676513671875,0.2751922607421875
60_20260913151127.csv,0,No activity,0.9982378331675893,0.007117824444339189,1.017676377197895,0.0546417236328125,0.04042053222656261,0.13067626953125
61_20260913151138.csv,0,No activity,0.997072730489466,0.0031498777201906087,1.0034860061170108,0.0240478515625,0.0109405517578125,0.0324554443359375
62_20260913151149.csv,0,No activity,0.9967773462010844,0.0046426329718643276,1.0044515119059225,0.0256805419921875,0.0126800537109375,0.0352325439453125
63_20260913151200.csv,0,No activity,0.9987678216632266,0.005046377146587852,1.0063662165198557,0.014984130859375,0.0150299072265625,0.050140380859375
64_20260913151211.csv,0,No activity,0.9974754469710678,0.003925759377589536,1.0057936953656081,0.018951416015625,0.012725830078124889,0.049224853515625
65_20260913151222.csv,0,No activity,0.9988070330250187,0.0029771086645288295,1.0055513495953345,0.02197265625,0.0117950439453125,0.0457611083984375
66_20260913151233.csv,0,No activity,1.0013556098020255,0.010307867683532824,1.0264310593471424,0.05706787109375,0.03298950195312489,0.0815887451171875
67_20260913151244.csv,0,No activity,0.9970282474440135,0.007265864406588044,1.0259731131224614,0.0558929443359375,0.03826904296875011,0.110748291015625
68_20260913151255.csv,0,No activity,0.9997321552174063,0.0040647923225048165,1.0106705025116938,0.0210418701171875,0.0143280029296875,0.0595550537109375
69_20260913151306.csv,0,No activity,1.0002756299341318,0.0041443068286568215,1.0075888304667784,0.0247802734375,0.0145263671875,0.0263519287109375
70_20260913151316.csv,0,No activity,0.9995894716867025,0.0044621009951413,1.0065388083823035,0.0144805908203125,0.01171875,0.047119140625
71_20260913151328.csv,0,No activity,0.9983029134897922,0.0038579836239394398,1.0062002217914967,0.021148681640625,0.01361083984375,0.059906005859375
72_20260913151338.csv,0,No activity,0.9974908214685209,0.004087219988436936,1.0020905698093345,0.023895263671875,0.010238647460937611,0.04248046875
73_20260913151349.csv,0,No activity,0.9984565835440301,0.0036809442306044845,1.0027016313793937,0.0147857666015625,0.009185791015625,0.057952880859375
74_20260913151400.csv,0,No activity,0.9986142004796507,0.003317011727655554,1.004767912388507,0.0329132080078125,0.010543823242187611,0.0670928955078125
75_20260913151411.csv,0,No activity,1.001006143179149,0.00716911941464819,1.018536664221777,0.0274505615234375,0.0260009765625,0.0635986328125
76_20260913151422.csv,0,No activity,0.9997554054812338,0.004936084324178916,1.0073606204372685,0.07635498046875,0.0179443359375,0.0550384521484375
77_20260913151433.csv,0,No activity,1.0011919951834625,0.003632098835790512,1.0062972381914634,0.0381927490234375,0.012603759765624889,0.0330810546875
78_20260913151444.csv,0,No activity,0.9982351645943381,0.005612508741706962,1.005173005134791,0.0141143798828125,0.013748168945312389,0.00909423828125
79_20260913151455.csv,0,No activity,1.001033303231265,0.00658768967342296,1.0188040695494387,0.0296478271484375,0.0200653076171875,0.073394775390625
80_20260913151506.csv,0,No activity,0.997186964259809,0.006624827321431525,1.007385123090207,0.027130126953125,0.0203857421875,0.038970947265625
81_20260913151517.csv,0,No activity,0.999029237677503,0.002511258320264087,1.0020703566438223,0.0174407958984375,0.010406494140625222,0.025115966796875
82_20260913151528.csv,0,No activity,0.999791098087663,0.0051201517303868915,1.006140395717144,0.02984619140625,0.015838623046875,0.0325469970703125
83_20260913151539.csv,0,No activity,1.00020627555088,0.004559780526412346,1.0092809041047657,0.0310211181640625,0.0183563232421875,0.0318145751953125
84_20260913151550.csv,0,No activity,0.9965330630586169,0.004138495521724703,1.0022499239070706,0.014373779296875,0.010971069335937389,0.0205841064453125
85_20260913151601.csv,0,No activity,0.9905293321194599,0.0034850509205905803,0.9975321199505132,0.007781982421875,0.006759643554687611,0.04779052734375
86_20260913151612.csv,0,No activity,0.9976107868155875,0.004726129903508852,1.0062854143511335,0.0352630615234375,0.0184326171875,0.047149658203125
87_20260913151623.csv,0,No activity,0.9972277334728388,0.003784777991538303,1.0028968991860203,0.0089569091796875,0.01068115234375,0.0412445068359375
88_20260913151634.csv,0,No activity,0.9989548529342145,0.003178713622432841,1.0033268180572763,0.01385498046875,0.007431030273437389,0.03546142578125
89_20260913151645.csv,0,No activity,0.9961996304137538,0.004183018422312687,1.0016222018314285,0.0284423828125,0.014572143554687389,0.0301055908203125
90_20260913151655.csv,0,No activity,0.9963921744437456,0.004326040350738907,1.002404088925096,0.027130126953125,0.012619018554687389,0.041473388671875
91_20260913151706.csv,0,No activity,1.001504843908309,0.005296470516842274,1.0107366071077075,0.0226898193359375,0.0192718505859375,0.027740478515625
92_20260913151717.csv,0,No activity,1.001099206608897,0.003041702411908734,1.0056167251990766,0.0215301513671875,0.0103759765625,0.0321807861328125
93_20260913151728.csv,0,No activity,0.9975171194133927,0.007351302105417188,1.0072512247715995,0.0195465087890625,0.02413940429687511,0.0420074462890625
94_20260913151739.csv,0,No activity,0.9984723435792707,0.0038602080861662564,1.0071801308146453,0.043731689453125,0.01568603515624989,0.0220794677734375
95_20260913151750.csv,0,No activity,0.9970620133534573,0.004330984807347464,1.004511369262078,0.0225830078125,0.0126953125,0.0614471435546875
96_20260913151801.csv,0,No activity,1.00161544645155,0.011095532560914445,1.0179076536389624,0.0262298583984375,0.03163146972656261,0.167938232421875
97_20260913151812.csv,2,Shaking,1.093360236574376,0.19461215502665277,1.722125135951198,0.977569580078125,0.631866455078125,0.430145263671875
98_20260913151823.csv,2,Shaking,0.8532351372304409,0.35713170038278574,1.655927203839943,0.84814453125,1.365020751953125,0.7629852294921875
99_20260913151834.csv,2,Shaking,1.2839263754801467,0.44191798437712587,1.9453919045130352,1.8540496826171875,1.3664703369140625,0.8000640869140625
100_20260913151845.csv,2,Shaking,1.185408360533307,0.4086930406018951,1.9356080464426892,2.2291412353515625,1.1794281005859375,0.8069305419921875
101_20260913151856.csv,2,Shaking,1.1860773628740888,0.41685471084662123,1.764205185178011,1.621429443359375,1.1578826904296875,0.5547332763671875
102_20260913151907.csv,2,Shaking,1.126543605221843,0.2787714519117086,1.5444241202947608,1.236358642578125,0.880859375,0.602996826171875
103_20260913151918.csv,2,Shaking,1.0149940954824517,0.27656338335650676,1.5786347022728555,1.0452728271484375,0.9257659912109375,0.4956207275390625
104_20260913151929.csv,2,Shaking,1.1390036205953156,0.43595574673662446,2.0418419343690224,2.4605255126953125,0.9708251953125,0.6902008056640625
105_20260913151940.csv,2,Shaking,1.2441712152653823,0.30254219179888403,1.927889319411129,1.143341064453125,1.0610504150390625,0.9493560791015625
106_20260913151951.csv,2,Shaking,1.1240406064917883,0.21849510258959348,1.613579822446977,1.8615875244140625,0.765625,0.4482879638671875
107_20260913152002.csv,2,Shaking,1.0032444582432145,0.14109109732227199,1.3102523129618342,1.116363525390625,0.4543304443359375,0.27349853515625
108_20260913152013.csv,2,Shaking,0.9754640646560067,0.10289477578753485,1.2181595976423392,0.607696533203125,0.3466339111328125,0.2858428955078125
109_20260913152024.csv,2,Shaking,0.9932696645196649,0.08178631075750116,1.1672680606530035,0.564788818359375,0.328582763671875,0.343902587890625
110_20260913152035.csv,2,Shaking,0.8775381797739286,0.17478182289087413,1.2241111798906374,1.4608306884765625,0.5285797119140625,0.530059814453125
111_20260913152046.csv,2,Shaking,0.9979521890838542,0.09193984514478973,1.1297483006621283,0.528900146484375,0.3678436279296875,0.2218170166015625
112_20260913152056.csv,2,Shaking,0.9467682575564527,0.1378263456226605,1.1470020286571596,0.667999267578125,0.43798828125,0.266876220703125
113_20260913152107.csv,2,Shaking,0.9003908567253822,0.12551608498707512,1.122833054546438,0.85015869140625,0.43267822265625,0.2312774658203125
114_20260913152118.csv,2,Shaking,1.020976037033394,0.21002201093353592,1.5646558522645273,0.905517578125,0.891937255859375,0.362701416015625
115_20260913152129.csv,2,Shaking,0.9916332107434158,0.11947216674693302,1.243396587549764,0.641265869140625,0.4098968505859375,0.20611572265625
116_20260913152140.csv,2,Shaking,0.9953883140357882,0.04443733531297278,1.070115493412595,0.2706756591796875,0.2019500732421875,0.10650634765625
117_20260913152151.csv,2,Shaking,1.0055898229834672,0.12845771262883185,1.2276587266719194,0.6983642578125,0.428497314453125,0.229827880859375
118_20260913152202.csv,2,Shaking,0.9975433291763977,0.15539867187524942,1.3012142141010663,0.9048919677734375,0.521697998046875,0.2092437744140625
119_20260913152213.csv,2,Shaking,1.0080420090556317,0.13110240394669728,1.3477949978923176,0.4909210205078125,0.4778594970703125,0.2103271484375
120_20260913152224.csv,2,Shaking,1.0048541105815831,0.059801950247398844,1.1797318187734962,0.895904541015625,0.2325897216796875,0.1832275390625
121_20260913152235.csv,2,Shaking,1.0137359088390638,0.1033333031353984,1.2374723280611803,1.0032501220703125,0.3438262939453125,0.1104888916015625
122_20260913152246.csv,2,Shaking,1.0115068382857635,0.0837011239540692,1.2128925520233536,0.9505462646484375,0.3596649169921875,0.1248016357421875
123_20260913152257.csv,2,Shaking,1.0310351660360435,0.12511073346502205,1.2324072321015849,0.8691253662109375,0.6347808837890625,0.19549560546875
124_20260913152308.csv,2,Shaking,0.972758495273376,0.09906441560710691,1.1973547205165103,0.783111572265625,0.43121337890625,0.185150146484375
125_20260913152319.csv,2,Shaking,1.0224183749417903,0.06312835339975784,1.1792138996158146,0.373260498046875,0.2042999267578124,0.1007537841796875
126_20260913152330.csv,2,Shaking,1.0094827838150022,0.038961372401574094,1.0838466388168717,0.2764129638671875,0.10083007812499989,0.07208251953125
127_20260913152341.csv,2,Shaking,0.9819831431911435,0.04998371125729961,1.0976050804469921,0.46942138671875,0.201446533203125,0.09228515625
128_20260913152352.csv,2,Shaking,0.9950457102066939,0.016925014424622783,1.0188910818256094,0.31011962890625,0.05093383789062489,0.152130126953125
129_20260913152403.csv,2,Shaking,0.9323349776960655,0.0595071759904918,1.0037512787181166,0.4283599853515625,0.1686401367187501,0.0872344970703125
130_20260913152414.csv,2,Shaking,0.9581500839047707,0.05770014107647778,1.0957753286014043,0.5128326416015625,0.1468963623046875,0.1148834228515625
131_20260913152425.csv,2,Shaking,1.039783904495683,0.2379085084352553,1.6650393258091782,1.3725128173828125,0.6145477294921875,0.722564697265625
132_20260913152435.csv,2,Shaking,1.0164088471895372,0.15956971503560768,1.4042139341381992,1.0151824951171875,0.45458984375,0.3152618408203125
133_20260913152446.csv,2,Shaking,0.9486111265542706,0.14366213926571936,1.3590542930338838,0.5703887939453125,0.5725555419921875,0.4398345947265625
134_20260913152457.csv,2,Shaking,0.9983277916598247,0.13487196172866162,1.4295943906044524,0.7565460205078125,0.481689453125,0.5105438232421875
135_20260913152508.csv,2,Shaking,0.9478702576271962,0.11133528313240802,1.096838709973507,0.65679931640625,0.29248046875,0.6483917236328125
136_20260913152519.csv,2,Shaking,1.3658438156098802,0.3718726212829436,1.886147768215728,1.1571197509765625,0.8621673583984375,0.2975616455078125
137_20260913152530.csv,2,Shaking,0.9358404252162333,0.10250725233601253,1.173539267466352,0.7490997314453125,0.395263671875,0.1627197265625
138_20260913152541.csv,2,Shaking,1.0709592099298775,0.34844355486438894,1.974198653216398,1.72601318359375,0.9799957275390625,0.3226165771484375
139_20260913152552.csv,2,Shaking,1.3170197100089645,0.3533369344641961,1.8366696235902933,1.550872802734375,0.7309417724609375,0.373687744140625
140_20260913152603.csv,2,Shaking,1.02453560271275,0.278456115049614,1.5984637248060292,1.021759033203125,0.7487945556640625,0.242156982421875
141_20260913152614.csv,2,Shaking,0.9763665783431178,0.16698193676694706,1.4467518311277847,0.9869384765625,0.5318756103515625,0.177978515625
142_20260913152625.csv,2,Shaking,0.8566369303100044,0.12331426348174714,1.1586565221630423,1.104827880859375,0.3168487548828124,0.3507843017578125
143_20260913161237.csv,0,No activity,1.0024327919296563,0.004485783826020318,1.0101724830816328,0.0340118408203125,0.012802124023437389,0.019317626953125
144_20260913161248.csv,0,No activity,1.0036662817551403,0.007478523851822028,1.020657592258591,0.0557708740234375,0.02348327636718761,0.05841064453125
145_20260913161259.csv,0,No activity,1.0013816352372162,0.006508439323000665,1.024047670240451,0.032562255859375,0.0325927734375,0.0422515869140625
146_20260913161310.csv,0,No activity,0.9989977496769885,0.014459205894046595,1.0443192234792156,0.0743560791015625,0.05223083496093739,0.086822509765625
147_20260913161321.csv,0,No activity,1.0904652066597487,0.2661765157133066,2.0045446036515324,1.2834625244140625,1.10260009765625,0.8319854736328125
148_20260913161332.csv,1,Waving,0.9640549353524338,0.13556011236138646,1.1782484511189113,0.8790740966796875,0.5619964599609375,0.3612518310546875
149_20260913161353.csv,1,Waving,1.1095116773016875,0.31321355013780167,1.7389912626602524,1.3869781494140625,0.78955078125,0.449676513671875
150_20260913161404.csv,1,Waving,1.0436122191837758,0.18755670095420102,1.476210791417937,1.127349853515625,0.686279296875,0.47772216796875
151_20260913161415.csv,1,Waving,1.2959327212170195,0.36034375225901705,2.10575466794574,2.0736846923828125,0.9883880615234375,0.7905426025390625
152_20260913161426.csv,1,Waving,1.1661603093306283,0.3180328987246154,1.9099847523638827,2.154571533203125,1.067962646484375,0.8300628662109375
153_20260913161437.csv,1,Waving,1.1304195701967603,0.3913035126740099,1.9630772925338258,1.739013671875,1.1082305908203125,1.828369140625
154_20260913161448.csv,1,Waving,1.0734844733252826,0.36862555344684106,1.7610305815345213,1.757659912109375,1.7444610595703125,0.94378662109375
155_20260913161459.csv,1,Waving,1.2170642895470307,0.672745829062364,2.8673275139417034,1.78704833984375,2.2483367919921875,1.8999481201171875
156_20260913161509.csv,1,Waving,1.0664615110721,0.30779322864329056,1.7625262727548365,1.1595458984375,1.0789642333984375,1.01177978515625
157_20260913161520.csv,1,Waving,0.9668947606691148,0.34713215950099996,1.9090581409490948,0.993377685546875,1.1781158447265625,0.9741058349609375
158_20260913161531.csv,1,Waving,1.0456509840875103,0.32422993851056725,1.698025717396707,1.1401214599609375,1.058624267578125,1.1665191650390625
159_20260913161542.csv,1,Waving,1.1221486932061149,0.2887273737848665,1.741006224462239,1.3533477783203125,0.9481658935546875,1.0671234130859375
160_20260913161553.csv,1,Waving,0.963996535605628,0.2676795277364849,1.7482871734226402,0.9235992431640625,0.70257568359375,0.534027099609375
161_20260913161604.csv,1,Waving,0.9205843025580248,0.15993055742403356,1.1799223762533686,0.614776611328125,0.5117034912109375,0.8255157470703125
162_20260913161615.csv,1,Waving,1.0841729034764767,0.31764957543411365,1.9058496732620254,1.1473541259765625,0.935791015625,0.8633880615234375
163_20260913161626.csv,1,Waving,1.018225894393894,0.2652076696804606,1.670395864246025,1.5636444091796875,0.847442626953125,0.736053466796875
164_20260913161637.csv,1,Waving,1.072196116166945,0.2803391997746742,1.6602905918910595,1.125213623046875,0.8607025146484375,0.756622314453125
165_20260913161648.csv,1,Waving,1.1431677680721248,0.23306187203818574,1.6170427275151353,1.4287872314453125,0.698333740234375,0.49163818359375
166_20260913161659.csv,1,Waving,1.0831417634892178,0.2686802137748121,1.5166587209339204,0.6753387451171875,0.8271331787109375,0.5814666748046875
167_20260913161710.csv,1,Waving,1.3863436881211875,0.2938163710081829,1.619858307545002,0.247100830078125,0.8935546875,0.6173095703125
168_20260913161721.csv,1,Waving,1.0513832954345965,0.22230061719879987,1.4170744615392543,1.1503753662109375,0.669342041015625,0.306365966796875
169_20260913161732.csv,1,Waving,1.2192934666184716,0.4377816576228758,1.8648024234869056,1.046051025390625,1.1487274169921875,0.5660400390625
170_20260913161743.csv,1,Waving,1.1099562789202002,0.3067378217358965,1.5692775648105681,0.987518310546875,0.7783355712890625,0.5186920166015625
171_20260913161754.csv,1,Waving,1.060088871732607,0.33825182161143236,1.7528354599526144,1.1611785888671875,1.0138702392578125,0.5490570068359375
172_20260913161805.csv,1,Waving,1.047344795430885,0.29591077490032525,1.7838364534850235,1.214813232421875,0.85919189453125,0.6406707763671875
173_20260913161816.csv,1,Waving,0.976854500272475,0.1795520463193963,1.7100722895796998,1.154815673828125,0.7584075927734375,0.861358642578125
174_20260913161827.csv,1,Waving,1.1472823443573512,0.2970739308269479,1.8417990471234462,1.37237548828125,0.769012451171875,0.70074462890625
175_20260913161838.csv,1,Waving,1.075817104636765,0.19936838272871282,1.348067292298138,0.678436279296875,0.4984893798828125,0.5373077392578125
176_20260913161849.csv,1,Waving,1.1066891979824374,0.4500709952019946,2.030306835895273,1.548614501953125,1.424072265625,0.8542327880859375
177_20260913161859.csv,1,Waving,1.4458460814331429,0.7485513041588983,3.1055155156770886,2.6605224609375,2.645843505859375,1.0294342041015625
178_20260913161910.csv,1,Waving,0.7939510585496179,0.09223958376088219,0.9749837528515725,1.0247039794921875,0.5526580810546875,0.56524658203125
179_20260913161921.csv,1,Waving,1.1619928166913032,0.40189324751804706,1.8848489178402323,1.8755950927734375,1.1535491943359375,0.7082061767578125
180_20260913161932.csv,1,Waving,1.1146286460580037,0.275258896474952,1.952846050965642,1.4608001708984375,1.0384063720703125,0.7072296142578125
181_20260913161943.csv,1,Waving,1.0270070083302414,0.2221671021577029,1.7802771079391249,1.361572265625,1.162384033203125,0.71722412109375
182_20260913161954.csv,1,Waving,1.2279977398091926,0.40191470824100817,1.9854651783676105,2.00762939453125,1.053070068359375,0.65924072265625
183_20260913162005.csv,1,Waving,1.0404438648342005,0.4587037274137835,1.9312060671783329,2.03375244140625,1.3362579345703125,0.878509521484375
