timestamp,x,y,z
2026-09-13T06:12:37.650020+00:00,-0.124420166015625,-0.945159912109375,0.313323974609375
2026-09-13T06:12:37.650146+00:00,-0.124420166015625,-0.94720458984375,0.313323974609375
2026-09-13T06:12:37.650167+00:00,-0.124420166015625,-0.94720458984375,0.2989501953125
2026-09-13T06:12:38.739609+00:00,-0.10321044921875,-0.94720458984375,0.2989501953125
2026-09-13T06:12:38.739714+00:00,-0.10321044921875,-0.9471893310546875,0.2989501953125
2026-09-13T06:12:38.739747+00:00,-0.10321044921875,-0.9471893310546875,0.3291778564453125
2026-09-13T06:12:39.840783+00:00,-0.110015869140625,-0.9471893310546875,0.3291778564453125
2026-09-13T06:12:39.841072+00:00,-0.110015869140625,-0.9563446044921875,0.3291778564453125
2026-09-13T06:12:39.841139+00:00,-0.110015869140625,-0.9563446044921875,0.3070068359375
2026-09-13T06:12:40.971705+00:00,-0.1122283935546875,-0.9563446044921875,0.3070068359375
2026-09-13T06:12:40.971769+00:00,-0.1122283935546875,-0.94891357421875,0.3070068359375
2026-09-13T06:12:40.971787+00:00,-0.1122283935546875,-0.94891357421875,0.3196563720703125
2026-09-13T06:12:42.024764+00:00,-0.1086883544921875,-0.94891357421875,0.3196563720703125
2026-09-13T06:12:42.024824+00:00,-0.1086883544921875,-0.939666748046875,0.3196563720703125
2026-09-13T06:12:42.024831+00:00,-0.1086883544921875,-0.939666748046875,0.3097991943359375
2026-09-13T06:12:43.079411+00:00,-0.125030517578125,-0.939666748046875,0.3097991943359375
2026-09-13T06:12:43.079445+00:00,-0.125030517578125,-0.9488677978515625,0.3097991943359375
2026-09-13T06:12:43.079453+00:00,-0.125030517578125,-0.9488677978515625,0.340118408203125
2026-09-13T06:12:44.174668+00:00,-0.0990753173828125,-0.9488677978515625,0.340118408203125
2026-09-13T06:12:44.174776+00:00,-0.0990753173828125,-0.932861328125,0.340118408203125
2026-09-13T06:12:44.174798+00:00,-0.0990753173828125,-0.932861328125,0.3111724853515625
2026-09-13T06:12:45.226242+00:00,-0.1219024658203125,-0.932861328125,0.3111724853515625
2026-09-13T06:12:45.226382+00:00,-0.1219024658203125,-0.94305419921875,0.3111724853515625
2026-09-13T06:12:45.226415+00:00,-0.1219024658203125,-0.94305419921875,0.3239288330078125
2026-09-13T06:12:46.331454+00:00,-0.0692596435546875,-0.94305419921875,0.3239288330078125
2026-09-13T06:12:46.331553+00:00,-0.0692596435546875,-0.9464263916015625,0.3239288330078125
2026-09-13T06:12:46.331570+00:00,-0.0692596435546875,-0.9464263916015625,0.3363494873046875
2026-09-13T06:12:47.431894+00:00,-0.0979156494140625,-0.9464263916015625,0.3363494873046875
2026-09-13T06:12:47.432008+00:00,-0.0979156494140625,-0.941162109375,0.3363494873046875
2026-09-13T06:12:47.432029+00:00,-0.0979156494140625,-0.941162109375,0.3012847900390625
2026-09-13T06:12:48.526478+00:00,-0.104278564453125,-0.941162109375,0.3012847900390625
2026-09-13T06:12:48.526565+00:00,-0.104278564453125,-0.950347900390625,0.3012847900390625
2026-09-13T06:12:48.526588+00:00,-0.104278564453125,-0.950347900390625,0.35736083984375
