timestamp,elapsed_ms,temperature_c,humidity_percent
2026-09-13T18:38:40.688417,117336,21.1,59.0
2026-09-13T18:38:40.688631,119359,21.1,59.0
2026-09-13T18:38:40.688748,121382,21.2,59.0
2026-09-13T18:38:40.688857,123404,21.2,59.0
2026-09-13T18:38:40.688963,125426,21.2,59.0
2026-09-13T18:38:40.689068,127448,21.2,59.0
2026-09-13T18:38:40.689173,129470,21.2,59.0
2026-09-13T18:38:40.689283,131494,21.2,59.0
2026-09-13T18:38:40.689389,133516,21.2,59.0
2026-09-13T18:38:40.689496,135538,21.2,59.0
2026-09-13T18:38:40.689602,137560,21.2,59.0
2026-09-13T18:38:40.689705,139582,21.2,59.0
2026-09-13T18:38:40.689809,141605,21.2,59.0
2026-09-13T18:38:42.239604,143629,21.2,59.0
2026-09-13T18:38:44.264741,145651,21.3,59.0
2026-09-13T18:38:46.290157,147673,21.3,59.0
2026-09-13T18:38:48.315537,149695,21.3,59.0
2026-09-13T18:38:50.340680,151718,21.3,59.0
2026-09-13T18:38:52.366130,153740,21.3,59.0
2026-09-13T18:38:54.391365,155762,21.3,59.0
2026-09-13T18:38:56.416806,157785,21.3,59.0
2026-09-13T18:38:58.442144,159808,21.3,59.0
2026-09-13T18:39:00.467431,161830,21.3,59.0
2026-09-13T18:39:02.492550,163852,21.3,59.0
2026-09-13T18:39:04.517982,165876,21.3,59.0
2026-09-13T18:39:06.543563,167898,21.3,59.0
2026-09-13T18:39:08.568458,169920,21.3,59.0
2026-09-13T18:39:10.593833,171942,21.4,59.0
2026-09-13T18:39:12.618893,173965,21.4,59.0
2026-09-13T18:39:14.644078,175988,21.4,59.0
2026-09-13T18:39:16.669573,178010,21.4,59.0
2026-09-13T18:39:18.694557,180032,21.4,59.0
2026-09-13T18:39:20.719691,182054,21.4,59.0
2026-09-13T18:39:22.745081,184076,21.4,59.0
2026-09-13T18:39:24.770188,186099,21.4,59.0
2026-09-13T18:39:26.795562,188122,21.4,59.0
2026-09-13T18:39:28.820600,190144,21.4,59.0
2026-09-13T18:39:30.845876,192166,21.4,59.0
2026-09-13T18:39:32.870983,194188,21.4,59.0
2026-09-13T18:39:34.896399,196211,21.4,59.0
2026-09-13T18:39:36.921372,198235,21.4,59.0
2026-09-13T18:39:38.946918,200257,21.4,59.0
2026-09-13T18:39:40.972003,202279,21.4,59.0
2026-09-13T18:39:42.997078,204301,21.4,59.0
2026-09-13T18:39:45.022374,206323,21.4,59.0
2026-09-13T18:39:47.047658,208346,21.5,59.0
2026-09-13T18:39:49.072780,210369,21.5,59.0
2026-09-13T18:39:51.098235,212391,21.5,59.0
2026-09-13T18:39:53.123549,214413,21.5,59.0
2026-09-13T18:39:55.148834,216437,21.5,59.0
2026-09-13T18:39:57.174102,218459,21.5,59.0
2026-09-13T18:39:59.199370,220481,21.5,59.0
2026-09-13T18:40:01.224638,222503,21.5,59.0
2026-09-13T18:40:03.250067,224526,21.5,59.0
2026-09-13T18:40:05.275045,226548,21.5,58.0
2026-09-13T18:40:07.300298,228570,21.5,58.0
2026-09-13T18:40:09.325599,230592,21.5,58.0
2026-09-13T18:40:11.350715,232614,21.5,58.0
2026-09-13T18:40:13.375873,234637,21.5,58.0
2026-09-13T18:40:15.401502,236660,21.5,58.0
2026-09-13T18:40:17.426250,238682,21.5,58.0
2026-09-13T18:40:19.451680,240704,21.5,58.0
2026-09-13T18:40:21.476704,242726,21.5,58.0
2026-09-13T18:40:23.502163,244749,21.5,58.0
2026-09-13T18:40:25.527279,246773,21.5,58.0
2026-09-13T18:40:27.552340,248795,21.5,58.0
2026-09-13T18:40:29.577805,250817,21.5,58.0
2026-09-13T18:40:31.603074,252839,21.5,58.0
2026-09-13T18:40:33.627891,254861,21.5,58.0
2026-09-13T18:40:35.653275,256884,21.5,58.0
2026-09-13T18:40:37.678328,258908,21.5,58.0
2026-09-13T18:40:39.703771,260930,21.5,58.0
2026-09-13T18:40:41.728954,262952,21.5,58.0
2026-09-13T18:40:43.754005,264974,21.5,58.0
2026-09-13T18:40:45.779163,266996,21.6,58.0
2026-09-13T18:40:47.804440,269019,21.6,58.0
2026-09-13T18:40:49.829833,271042,21.6,58.0
2026-09-13T18:40:51.854918,273064,21.6,58.0
2026-09-13T18:40:53.880346,275086,21.6,58.0
2026-09-13T18:40:55.905516,277109,21.6,58.0
2026-09-13T18:40:57.930787,279132,21.6,58.0
2026-09-13T18:40:59.956166,281154,21.6,58.0
2026-09-13T18:41:01.981260,283176,21.6,58.0
2026-09-13T18:41:04.006776,285198,21.6,58.0
2026-09-13T18:41:06.031868,287221,21.6,58.0
2026-09-13T18:41:08.056975,289244,21.6,58.0
2026-09-13T18:41:10.082344,291266,21.6,58.0
2026-09-13T18:41:12.107699,293288,21.6,58.0
2026-09-13T18:41:14.132800,295310,21.6,58.0
2026-09-13T18:41:16.158192,297333,21.6,58.0
2026-09-13T18:41:18.183405,299355,21.6,58.0
2026-09-13T18:41:20.208884,301377,21.6,58.0
2026-09-13T18:41:22.233978,303399,21.6,58.0
2026-09-13T18:41:24.259106,305423,21.6,58.0
2026-09-13T18:41:26.284439,307445,21.6,58.0
2026-09-13T18:41:28.309847,309467,21.6,58.0
2026-09-13T18:41:30.335031,311489,21.6,58.0
2026-09-13T18:41:32.360283,313512,21.6,58.0
2026-09-13T18:41:34.385468,315535,21.6,57.0
2026-09-13T18:41:36.410637,317557,21.6,57.0
2026-09-13T18:41:38.436051,319579,21.7,57.0
2026-09-13T18:41:40.461443,321601,21.7,57.0
2026-09-13T18:41:42.486443,323624,21.7,57.0
2026-09-13T18:41:44.512005,325646,21.7,57.0
2026-09-13T18:41:46.537385,327668,21.7,57.0
2026-09-13T18:41:48.562482,329690,21.7,57.0
2026-09-13T18:41:50.587913,331713,21.7,57.0
2026-09-13T18:41:52.613056,333735,21.7,57.0
2026-09-13T18:41:54.638258,335757,21.7,57.0
2026-09-13T18:41:56.663658,337780,21.7,57.0
2026-09-13T18:41:58.689092,339803,21.7,57.0
2026-09-13T18:42:00.714119,341825,21.7,57.0
2026-09-13T18:42:02.739588,343847,21.7,57.0
2026-09-13T18:42:04.764839,345871,21.7,57.0
2026-09-13T18:42:06.790231,347893,21.7,57.0
2026-09-13T18:42:08.815686,349915,21.7,57.0
2026-09-13T18:42:10.840637,351937,21.7,57.0
2026-09-13T18:42:12.866028,353960,21.7,57.0
2026-09-13T18:42:14.891378,355982,21.7,57.0
2026-09-13T18:42:16.916807,358004,21.7,57.0
2026-09-13T18:42:18.942162,360028,21.7,57.0
2026-09-13T18:42:20.967380,362050,21.7,57.0
2026-09-13T18:42:22.992543,364072,21.7,57.0
2026-09-13T18:42:25.017965,366094,21.7,57.0
2026-09-13T18:42:27.043379,368118,21.7,57.0
2026-09-13T18:42:29.068402,370140,21.7,57.0
2026-09-13T18:42:31.093900,372162,21.7,57.0
2026-09-13T18:42:33.119181,374184,21.7,57.0
2026-09-13T18:42:35.144514,376207,21.7,57.0
2026-09-13T18:42:37.169726,378229,21.7,57.0
2026-09-13T18:42:39.195095,380251,21.7,57.0
2026-09-13T18:42:41.220506,382274,21.7,57.0
2026-09-13T18:42:43.245566,384297,21.7,57.0
2026-09-13T18:42:45.271280,386319,21.7,57.0
2026-09-13T18:42:47.296277,388341,21.7,57.0
2026-09-13T18:42:49.321714,390365,21.7,57.0
2026-09-13T18:42:51.346874,392387,21.7,57.0
2026-09-13T18:42:53.372244,394409,21.7,57.0
2026-09-13T18:42:55.397527,396431,21.7,57.0
2026-09-13T18:42:57.422848,398454,21.7,57.0
2026-09-13T18:42:59.448088,400476,21.7,57.0
2026-09-13T18:43:01.473222,402498,21.7,57.0
2026-09-13T18:43:03.498775,404521,21.7,57.0
2026-09-13T18:43:05.523983,406544,21.7,57.0
2026-09-13T18:43:07.549497,408566,21.7,57.0
2026-09-13T18:43:09.574726,410588,21.7,57.0
2026-09-13T18:43:11.599736,412612,21.7,57.0
2026-09-13T18:43:13.625258,414634,21.7,57.0
2026-09-13T18:43:23.975059,416656,21.7,57.0
2026-09-13T18:43:23.975136,418678,21.7,57.0
2026-09-13T18:43:23.975197,420701,21.7,57.0
2026-09-13T18:43:23.975254,422723,21.7,57.0
2026-09-13T18:43:23.975310,424745,21.7,57.0
2026-09-13T18:43:25.777032,426768,21.7,57.0
2026-09-13T18:43:27.802158,428791,21.7,57.0
2026-09-13T18:43:29.827680,430813,21.7,57.0
2026-09-13T18:43:31.852942,432835,21.7,57.0
2026-09-13T18:43:33.878145,434858,21.7,57.0
2026-09-13T18:43:35.903457,436880,21.8,57.0
2026-09-13T18:43:37.928726,438902,21.8,57.0
2026-09-13T18:43:39.953750,440924,21.8,57.0
2026-09-13T18:43:41.979230,442946,21.8,57.0
2026-09-13T18:43:44.004178,444969,21.8,57.0
2026-09-13T18:43:46.029525,446992,21.8,57.0
2026-09-13T18:43:48.054764,449014,21.8,57.0
2026-09-13T18:43:50.079814,451036,21.8,57.0
2026-09-13T18:43:52.105174,453058,21.8,57.0
2026-09-13T18:43:54.130328,455081,21.8,57.0
2026-09-13T18:43:56.155593,457105,21.8,57.0
2026-09-13T18:43:58.180852,459127,21.8,57.0
2026-09-13T18:44:00.205820,461149,21.8,57.0
2026-09-13T18:44:02.231202,463171,21.8,57.0
2026-09-13T18:44:04.256550,465193,21.8,57.0
2026-09-13T18:44:06.281434,467216,21.8,57.0
2026-09-13T18:44:08.306875,469240,21.8,57.0
2026-09-13T18:44:10.331979,471262,21.8,57.0
2026-09-13T18:44:12.357000,473284,21.8,57.0
2026-09-13T18:44:14.382521,475306,21.8,57.0
2026-09-13T18:44:16.407611,477328,21.8,57.0
2026-09-13T18:44:18.432645,479351,21.8,57.0
2026-09-13T18:44:20.458010,481375,21.8,57.0
2026-09-13T18:44:22.483224,483397,21.8,57.0
2026-09-13T18:44:24.508501,485419,21.8,57.0
2026-09-13T18:44:26.533678,487441,21.8,57.0
2026-09-13T18:44:28.558765,489463,21.8,57.0
2026-09-13T18:44:30.584172,491486,21.8,57.0
2026-09-13T18:44:32.609226,493509,21.8,57.0
2026-09-13T18:44:34.634293,495531,21.8,57.0
2026-09-13T18:44:36.659672,497553,21.8,57.0
2026-09-13T18:44:38.684858,499575,21.9,57.0
2026-09-13T18:44:40.710416,501598,21.9,57.0
2026-09-13T18:44:42.735423,503621,21.9,57.0
2026-09-13T18:44:44.760866,505643,21.9,57.0
2026-09-13T18:44:46.786267,507665,21.9,57.0
2026-09-13T18:44:48.811483,509689,21.9,57.0
2026-09-13T18:44:50.836673,511711,21.9,57.0
2026-09-13T18:44:52.862055,513733,21.9,57.0
2026-09-13T18:44:54.887189,515755,21.9,57.0
2026-09-13T18:44:56.912608,517778,21.9,57.0
2026-09-13T18:44:58.938013,519800,21.9,57.0
2026-09-13T18:45:00.963137,521822,21.9,57.0
2026-09-13T18:45:02.988588,523845,21.9,57.0
2026-09-13T18:45:05.013813,525868,21.9,57.0
2026-09-13T18:45:07.039079,527890,21.9,57.0
2026-09-13T18:45:09.064570,529912,21.9,57.0
2026-09-13T18:45:11.089740,531935,21.9,57.0
2026-09-13T18:45:13.114908,533957,21.9,57.0
2026-09-13T18:45:15.140401,535979,21.9,57.0
2026-09-13T18:45:17.165591,538001,21.9,57.0
2026-09-13T18:45:19.191143,540024,21.9,57.0
2026-09-13T18:45:21.216308,542046,21.9,57.0
2026-09-13T18:45:23.241541,544068,21.9,57.0
2026-09-13T18:45:25.266932,546092,21.9,57.0
2026-09-13T18:45:27.292225,548114,21.9,57.0
2026-09-13T18:45:29.317580,550136,21.9,57.0
2026-09-13T18:45:31.342724,552158,21.9,57.0
2026-09-13T18:45:33.368158,554181,21.9,57.0
2026-09-13T18:45:35.393282,556203,21.9,57.0
2026-09-13T18:45:37.418788,558225,21.9,57.0
2026-09-13T18:45:39.444169,560247,21.9,57.0
2026-09-13T18:45:41.469263,562270,21.9,57.0
2026-09-13T18:45:43.494423,564292,21.9,57.0
2026-09-13T18:45:45.519874,566314,21.9,57.0
2026-09-13T18:45:47.545363,568338,21.9,57.0
2026-09-13T18:45:49.570534,570360,21.9,57.0
2026-09-13T18:45:51.595692,572382,22.0,57.0
2026-09-13T18:45:53.620743,574404,22.0,57.0
2026-09-13T18:45:55.646158,576426,22.0,57.0
2026-09-13T18:45:57.671357,578449,22.0,57.0
2026-09-13T18:45:59.696428,580472,22.0,57.0
2026-09-13T18:46:01.721702,582494,22.0,57.0
2026-09-13T18:46:03.746863,584516,21.9,57.0
2026-09-13T18:46:05.771997,586538,22.0,57.0
2026-09-13T18:46:07.797406,588561,22.0,57.0
2026-09-13T18:46:09.822496,590585,22.0,57.0
2026-09-13T18:46:11.847503,592607,22.0,57.0
2026-09-13T18:46:13.873215,594629,22.0,57.0
2026-09-13T18:46:15.898230,596651,22.0,57.0
2026-09-13T18:46:17.923144,598673,22.0,57.0
2026-09-13T18:46:19.948470,600696,22.0,57.0
2026-09-13T18:46:21.973670,602719,22.0,57.0
2026-09-13T18:46:23.998986,604741,22.0,57.0
2026-09-13T18:46:26.024168,606763,22.0,57.0
2026-09-13T18:46:28.049324,608785,22.0,57.0
2026-09-13T18:46:30.074414,610807,22.0,57.0
2026-09-13T18:46:32.099686,612830,22.0,57.0
2026-09-13T18:46:34.124872,614853,22.0,57.0
2026-09-13T18:46:36.149936,616875,22.0,57.0
2026-09-13T18:46:38.175343,618897,22.0,57.0
2026-09-13T18:46:40.200513,620919,22.0,57.0
2026-09-13T18:46:42.225747,622941,22.0,57.0
2026-09-13T18:46:44.250901,624964,22.0,57.0
2026-09-13T18:46:46.275936,626987,22.0,57.0
2026-09-13T18:46:48.301325,629009,22.0,57.0
2026-09-13T18:46:50.326420,631031,22.0,57.0
2026-09-13T18:46:52.351539,633053,22.0,57.0
2026-09-13T18:46:54.376819,635075,22.0,57.0
2026-09-13T18:46:56.402004,637099,22.0,57.0
2026-09-13T18:46:58.427148,639121,22.0,57.0
2026-09-13T18:47:00.452306,641143,22.0,57.0
2026-09-13T18:47:02.477591,643165,22.0,57.0
2026-09-13T18:47:04.502706,645187,22.0,57.0
2026-09-13T18:47:06.528041,647210,22.0,57.0
2026-09-13T18:47:08.553114,649234,22.0,57.0
2026-09-13T18:47:10.578366,651256,22.1,57.0
2026-09-13T18:47:12.603433,653278,22.1,57.0
2026-09-13T18:47:14.628458,655300,22.1,57.0
2026-09-13T18:47:16.653734,657322,22.1,57.0
2026-09-13T18:47:18.678871,659344,22.1,57.0
2026-09-13T18:47:20.703724,661366,22.1,57.0
2026-09-13T18:47:22.728802,663388,22.1,57.0
2026-09-13T18:47:24.754126,665410,22.1,57.0
2026-09-13T18:47:26.779213,667433,22.1,57.0
2026-09-13T18:47:28.804154,669456,22.1,57.0
2026-09-13T18:47:30.829270,671479,22.1,57.0
2026-09-13T18:47:32.854669,673503,22.1,57.0
2026-09-13T18:47:34.879441,675525,22.1,57.0
2026-09-13T18:47:36.904761,677547,22.1,57.0
2026-09-13T18:47:38.929829,679569,22.1,57.0
2026-09-13T18:47:40.955018,681591,22.1,57.0
2026-09-13T18:47:42.980103,683613,22.1,57.0
2026-09-13T18:47:45.005157,685635,22.1,57.0
2026-09-13T18:47:47.030134,687657,22.1,57.0
2026-09-13T18:47:49.055492,689679,22.1,57.0
2026-09-13T18:47:51.080769,691701,22.1,57.0
2026-09-13T18:47:53.105771,693724,22.1,57.0
2026-09-13T18:47:55.130942,695747,22.1,56.0
2026-09-13T18:47:57.156043,697770,22.1,56.0
2026-09-13T18:47:59.181178,699792,22.1,56.0
2026-09-13T18:48:01.206505,701814,22.1,56.0
2026-09-13T18:48:03.231699,703836,22.1,56.0
2026-09-13T18:48:05.256997,705859,22.1,56.0
2026-09-13T18:48:07.282261,707882,22.1,56.0
2026-09-13T18:48:09.307317,709904,22.1,56.0
2026-09-13T18:48:11.332664,711926,22.1,56.0
2026-09-13T18:48:13.357772,713948,22.1,56.0
2026-09-13T18:48:21.992472,715970,22.1,56.0
2026-09-13T18:48:21.992636,717993,22.1,56.0
2026-09-13T18:48:21.992746,720016,22.1,56.0
2026-09-13T18:48:21.992850,722038,22.1,56.0
2026-09-13T18:48:23.483874,724060,22.1,56.0
2026-09-13T18:48:25.509229,726082,22.1,56.0
2026-09-13T18:48:27.534225,728105,22.1,56.0
2026-09-13T18:48:29.559671,730129,22.1,56.0
2026-09-13T18:48:31.585011,732151,22.1,56.0
2026-09-13T18:48:33.609776,734173,22.1,56.0
2026-09-13T18:48:35.635337,736195,22.1,56.0
2026-09-13T18:48:37.660249,738217,22.1,56.0
2026-09-13T18:48:39.685627,740240,22.1,57.0
2026-09-13T18:48:41.710667,742263,22.1,57.0
2026-09-13T18:48:43.735815,744286,22.1,57.0
2026-09-13T18:48:45.760818,746310,22.1,57.0
2026-09-13T18:48:47.785737,748332,22.1,57.0
2026-09-13T18:48:49.810886,750354,22.1,57.0
2026-09-13T18:48:51.836182,752376,22.1,57.0
2026-09-13T18:48:53.861281,754398,22.1,57.0
2026-09-13T18:48:55.886253,756420,22.1,57.0
2026-09-13T18:48:57.911479,758442,22.1,57.0
2026-09-13T18:48:59.936604,760464,22.1,57.0
2026-09-13T18:49:01.961485,762486,22.1,57.0
2026-09-13T18:49:03.986948,764509,22.1,57.0
2026-09-13T18:49:06.011846,766532,22.1,57.0
2026-09-13T18:49:08.036906,768556,22.1,56.0
2026-09-13T18:49:10.062366,770578,22.1,56.0
2026-09-13T18:49:12.087323,772600,22.1,56.0
2026-09-13T18:49:14.112601,774622,22.1,56.0
2026-09-13T18:49:16.137869,776644,22.1,56.0
2026-09-13T18:49:18.162936,778667,22.1,56.0
2026-09-13T18:49:20.188319,780690,22.1,56.0
2026-09-13T18:49:22.213571,782712,22.1,56.0
2026-09-13T18:49:24.238380,784734,22.2,56.0
2026-09-13T18:49:26.263610,786756,22.2,56.0
2026-09-13T18:49:28.288480,788778,22.2,56.0
2026-09-13T18:49:30.313715,790800,22.2,57.0
2026-09-13T18:49:32.339024,792822,22.2,57.0
2026-09-13T18:49:34.364151,794844,22.2,57.0
2026-09-13T18:49:36.389170,796867,22.2,57.0
2026-09-13T18:49:38.414446,798891,22.2,57.0
2026-09-13T18:49:40.439554,800913,22.2,57.0
2026-09-13T18:49:42.464598,802935,22.2,57.0
2026-09-13T18:49:44.489896,804957,22.2,57.0
2026-09-13T18:49:46.515219,806979,22.2,57.0
2026-09-13T18:49:48.540061,809001,22.2,57.0
2026-09-13T18:49:50.565502,811024,22.2,57.0
2026-09-13T18:49:52.590577,813047,22.2,57.0
2026-09-13T18:49:54.615549,815071,22.2,57.0
2026-09-13T18:49:56.640874,817093,22.2,57.0
2026-09-13T18:49:58.666191,819115,22.2,57.0
2026-09-13T18:50:00.691124,821137,22.2,57.0
2026-09-13T18:50:02.716259,823159,22.2,57.0
2026-09-13T18:50:04.741567,825181,22.2,57.0
2026-09-13T18:50:06.766701,827204,22.2,57.0
2026-09-13T18:50:08.791884,829227,22.2,57.0
2026-09-13T18:50:10.816922,831251,22.2,57.0
2026-09-13T18:50:12.842174,833273,22.2,57.0
2026-09-13T18:50:14.867334,835295,22.2,57.0
2026-09-13T18:50:16.892377,837317,22.2,57.0
2026-09-13T18:50:18.917534,839339,22.2,56.0
2026-09-13T18:50:20.942803,841361,22.2,56.0
2026-09-13T18:50:22.967643,843383,22.2,56.0
2026-09-13T18:50:24.992896,845405,22.2,56.0
2026-09-13T18:50:27.017941,847428,22.2,56.0
2026-09-13T18:50:29.043332,849451,22.2,56.0
2026-09-13T18:50:31.068088,851474,22.2,56.0
2026-09-13T18:50:33.092994,853497,22.2,56.0
2026-09-13T18:50:35.118163,855520,22.2,56.0
2026-09-13T18:50:37.143671,857543,22.2,56.0
2026-09-13T18:50:39.168177,859566,22.2,56.0
2026-09-13T18:50:41.193590,861589,22.2,56.0
2026-09-13T18:50:43.218420,863612,22.2,56.0
2026-09-13T18:50:45.243659,865635,22.2,56.0
2026-09-13T18:50:47.268391,867658,22.2,56.0
2026-09-13T18:50:49.293669,869682,22.2,56.0
2026-09-13T18:50:51.318696,871705,22.2,56.0
2026-09-13T18:50:53.343916,873727,22.2,56.0
2026-09-13T18:50:55.368753,875749,22.2,56.0
2026-09-13T18:50:57.393816,877771,22.2,56.0
2026-09-13T18:50:59.418723,879793,22.2,56.0
2026-09-13T18:51:01.444244,881815,22.3,56.0
2026-09-13T18:51:03.469205,883837,22.3,56.0
2026-09-13T18:51:05.494272,885859,22.3,56.0
2026-09-13T18:51:07.519688,887881,22.3,56.0
2026-09-13T18:51:09.544711,889904,22.3,56.0
2026-09-13T18:51:11.569784,891927,22.3,56.0
2026-09-13T18:51:13.595101,893950,22.3,56.0
2026-09-13T18:51:15.620104,895972,22.3,56.0
2026-09-13T18:51:17.645425,897994,22.3,56.0
2026-09-13T18:51:19.670583,900016,22.3,56.0
2026-09-13T18:51:21.695585,902038,22.3,56.0
2026-09-13T18:51:23.720875,904060,22.3,56.0
2026-09-13T18:51:25.746016,906083,22.3,56.0
2026-09-13T18:51:27.771005,908107,22.3,56.0
2026-09-13T18:51:29.796388,910129,22.3,56.0
2026-09-13T18:51:31.821591,912151,22.3,56.0
2026-09-13T18:51:33.846493,914173,22.3,56.0
2026-09-13T18:51:35.871803,916195,22.3,56.0
2026-09-13T18:51:37.897138,918217,22.3,56.0
2026-09-13T18:51:39.922223,920240,22.3,56.0
2026-09-13T18:51:41.947296,922263,22.3,56.0
2026-09-13T18:51:43.972383,924286,22.3,56.0
2026-09-13T18:51:45.997488,926308,22.3,56.0
2026-09-13T18:51:48.022834,928330,22.3,56.0
2026-09-13T18:51:50.047902,930352,22.3,56.0
2026-09-13T18:51:52.072965,932374,22.3,56.0
2026-09-13T18:51:54.098207,934396,22.3,56.0
2026-09-13T18:51:56.123447,936419,22.3,56.0
2026-09-13T18:51:58.148454,938443,22.3,56.0
2026-09-13T18:52:00.173797,940465,22.3,56.0
2026-09-13T18:52:02.198944,942487,22.3,56.0
2026-09-13T18:52:04.223989,944509,22.3,56.0
2026-09-13T18:52:06.249317,946531,22.3,56.0
2026-09-13T18:52:08.274375,948553,22.3,56.0
2026-09-13T18:52:10.299565,950576,22.3,56.0
2026-09-13T18:52:12.324924,952599,22.3,56.0
2026-09-13T18:52:14.349955,954622,22.3,56.0
2026-09-13T18:52:16.375036,956644,22.3,56.0
2026-09-13T18:52:18.400290,958666,22.3,56.0
2026-09-13T18:52:20.425553,960688,22.3,56.0
2026-09-13T18:52:22.450526,962710,22.3,56.0
2026-09-13T18:52:24.475974,964733,22.3,56.0
2026-09-13T18:52:26.501184,966756,22.3,56.0
2026-09-13T18:52:28.526023,968779,22.3,56.0
2026-09-13T18:52:30.551383,970801,22.3,56.0
2026-09-13T18:52:32.576379,972823,22.3,56.0
2026-09-13T18:52:34.601638,974845,22.3,56.0
2026-09-13T18:52:36.626947,976867,22.3,56.0
2026-09-13T18:52:38.651959,978889,22.3,56.0
2026-09-13T18:52:40.677297,980912,22.3,56.0
2026-09-13T18:52:42.702194,982935,22.3,56.0
2026-09-13T18:52:44.727449,984958,22.3,56.0
2026-09-13T18:52:46.752638,986980,22.3,56.0
2026-09-13T18:52:48.777559,989002,22.4,56.0
2026-09-13T18:52:50.802792,991024,22.4,56.0
2026-09-13T18:52:52.827828,993046,22.4,56.0
2026-09-13T18:52:54.853163,995068,22.4,56.0
2026-09-13T18:52:56.878677,997090,22.4,56.0
2026-09-13T18:52:58.903257,999112,22.4,56.0
2026-09-13T18:53:00.928316,1001135,22.4,56.0
2026-09-13T18:53:02.953596,1003158,22.4,56.0
2026-09-13T18:53:04.978816,1005181,22.4,56.0
2026-09-13T18:53:07.003562,1007204,22.4,56.0
2026-09-13T18:53:09.028943,1009226,22.4,56.0
2026-09-13T18:53:11.054081,1011248,22.4,56.0
2026-09-13T18:53:13.078975,1013270,22.3,56.0
2026-09-13T18:53:15.104297,1015292,22.3,56.0
2026-09-13T18:53:22.070491,1017314,22.4,56.0
2026-09-13T18:53:22.070555,1019336,22.3,56.0
2026-09-13T18:53:22.070609,1021359,22.3,56.0
2026-09-13T18:53:23.204652,1023382,22.4,56.0
2026-09-13T18:53:25.229916,1025406,22.4,56.0
2026-09-13T18:53:27.255061,1027428,22.4,56.0
2026-09-13T18:53:29.280011,1029450,22.4,56.0
2026-09-13T18:53:31.305246,1031472,22.4,56.0
2026-09-13T18:53:33.330593,1033494,22.4,56.0
2026-09-13T18:53:35.355449,1035516,22.4,56.0
2026-09-13T18:53:37.380736,1037538,22.4,56.0
2026-09-13T18:53:39.405833,1039560,22.4,56.0
2026-09-13T18:53:41.430762,1041583,22.4,56.0
2026-09-13T18:53:43.456045,1043606,22.4,56.0
2026-09-13T18:53:45.480975,1045629,22.4,56.0
2026-09-13T18:53:47.506328,1047652,22.4,56.0
2026-09-13T18:53:49.531506,1049675,22.4,56.0
2026-09-13T18:53:51.556305,1051697,22.4,56.0
2026-09-13T18:53:53.581661,1053719,22.4,56.0
2026-09-13T18:53:55.606790,1055741,22.4,56.0
2026-09-13T18:53:57.631711,1057763,22.4,56.0
2026-09-13T18:53:59.657091,1059785,22.4,56.0
2026-09-13T18:54:01.681979,1061807,22.4,56.0
2026-09-13T18:54:03.707292,1063829,22.4,56.0
2026-09-13T18:54:05.732539,1065852,22.4,56.0
2026-09-13T18:54:07.757337,1067875,22.4,56.0
2026-09-13T18:54:09.782569,1069898,22.4,56.0
2026-09-13T18:54:11.807770,1071922,22.4,56.0
2026-09-13T18:54:13.832821,1073944,22.4,56.0
2026-09-13T18:54:15.857870,1075966,22.4,56.0
2026-09-13T18:54:17.882911,1077988,22.4,56.0
2026-09-13T18:54:19.908134,1080010,22.4,56.0
2026-09-13T18:54:21.933326,1082032,22.4,56.0
2026-09-13T18:54:23.958474,1084054,22.4,56.0
2026-09-13T18:54:25.983400,1086076,22.4,56.0
2026-09-13T18:54:28.008595,1088098,22.4,56.0
2026-09-13T18:54:30.033743,1090121,22.4,56.0
2026-09-13T18:54:32.058817,1092144,22.4,56.0
2026-09-13T18:54:34.083768,1094168,22.3,56.0
2026-09-13T18:54:36.109057,1096190,22.3,56.0
2026-09-13T18:54:38.134244,1098212,22.3,56.0
2026-09-13T18:54:40.159278,1100234,22.3,56.0
2026-09-13T18:54:42.184689,1102256,22.4,56.0
2026-09-13T18:54:44.209811,1104278,22.4,56.0
2026-09-13T18:54:46.234668,1106300,22.4,56.0
2026-09-13T18:54:48.259940,1108323,22.4,56.0
2026-09-13T18:54:50.285074,1110346,22.4,56.0
2026-09-13T18:54:52.309973,1112369,22.4,56.0
2026-09-13T18:54:54.335209,1114393,22.4,56.0
2026-09-13T18:54:56.360319,1116415,22.4,56.0
2026-09-13T18:54:58.385220,1118437,22.4,56.0
2026-09-13T18:55:00.410510,1120459,22.4,56.0
2026-09-13T18:55:02.435478,1122481,22.4,56.0
2026-09-13T18:55:04.460798,1124503,22.4,56.0
2026-09-13T18:55:06.485948,1126525,22.4,56.0
2026-09-13T18:55:08.510904,1128547,22.4,56.0
2026-09-13T18:55:10.536203,1130570,22.4,56.0
2026-09-13T18:55:12.561136,1132593,22.4,56.0
2026-09-13T18:55:14.586569,1134616,22.4,56.0
2026-09-13T18:55:16.611444,1136640,22.4,56.0
2026-09-13T18:55:18.636576,1138662,22.4,56.0
2026-09-13T18:55:20.661823,1140684,22.4,56.0
2026-09-13T18:55:22.686706,1142706,22.4,56.0
2026-09-13T18:55:24.711891,1144728,22.4,56.0
2026-09-13T18:55:26.737046,1146750,22.4,56.0
2026-09-13T18:55:28.762000,1148772,22.4,56.0
2026-09-13T18:55:30.787240,1150794,22.4,56.0
2026-09-13T18:55:32.812404,1152816,22.4,56.0
2026-09-13T18:55:34.837548,1154839,22.4,56.0
2026-09-13T18:55:36.862618,1156862,22.4,56.0
2026-09-13T18:55:38.887719,1158885,22.4,56.0
2026-09-13T18:55:40.912874,1160909,22.4,56.0
2026-09-13T18:55:42.938019,1162931,22.4,56.0
2026-09-13T18:55:44.963022,1164953,22.4,56.0
2026-09-13T18:55:46.988235,1166975,22.4,56.0
2026-09-13T18:55:49.013448,1168997,22.4,56.0
2026-09-13T18:55:51.038443,1171019,22.4,56.0
2026-09-13T18:55:53.063435,1173041,22.4,56.0
2026-09-13T18:55:55.088885,1175063,22.4,56.0
2026-09-13T18:55:57.114093,1177086,22.4,56.0
2026-09-13T18:55:59.138965,1179109,22.4,56.0
2026-09-13T18:56:01.164034,1181132,22.4,56.0
2026-09-13T18:56:03.189083,1183155,22.4,56.0
2026-09-13T18:56:05.214271,1185178,22.4,56.0
2026-09-13T18:56:07.239473,1187200,22.4,56.0
2026-09-13T18:56:09.264428,1189222,22.4,56.0
2026-09-13T18:56:11.289518,1191244,22.4,56.0
2026-09-13T18:56:13.314913,1193266,22.5,56.0
2026-09-13T18:56:15.339883,1195288,22.5,56.0
2026-09-13T18:56:17.365128,1197311,22.5,56.0
2026-09-13T18:56:19.390483,1199334,22.5,56.0
2026-09-13T18:56:21.415768,1201356,22.5,56.0
2026-09-13T18:56:23.440920,1203378,22.5,56.0
2026-09-13T18:56:25.466127,1205400,22.5,56.0
2026-09-13T18:56:27.491451,1207422,22.5,56.0
2026-09-13T18:56:29.516355,1209445,22.5,56.0
2026-09-13T18:56:31.541814,1211468,22.5,56.0
2026-09-13T18:56:33.566906,1213490,22.5,56.0
2026-09-13T18:56:35.592175,1215512,22.5,56.0
2026-09-13T18:56:37.617128,1217534,22.4,56.0
2026-09-13T18:56:39.642456,1219556,22.4,56.0
2026-09-13T18:56:41.667354,1221579,22.4,56.0
2026-09-13T18:56:43.692614,1223602,22.4,56.0
2026-09-13T18:56:45.717735,1225625,22.4,56.0
2026-09-13T18:56:47.742835,1227649,22.4,56.0
2026-09-13T18:56:49.767756,1229671,22.4,56.0
2026-09-13T18:56:51.793091,1231693,22.4,56.0
2026-09-13T18:56:53.818004,1233715,22.4,56.0
2026-09-13T18:56:55.843221,1235737,22.4,56.0
2026-09-13T18:56:57.868350,1237759,22.4,56.0
2026-09-13T18:56:59.893445,1239781,22.4,56.0
2026-09-13T18:57:01.918450,1241803,22.3,56.0
2026-09-13T18:57:03.943733,1243825,22.3,56.0
2026-09-13T18:57:05.968970,1245848,22.3,56.0
2026-09-13T18:57:07.994011,1247872,22.3,56.0
2026-09-13T18:57:10.019428,1249894,22.3,56.0
2026-09-13T18:57:12.044427,1251916,22.3,56.0
2026-09-13T18:57:14.069488,1253938,22.3,56.0
2026-09-13T18:57:16.094527,1255960,22.3,56.0
2026-09-13T18:57:18.119983,1257982,22.3,56.0
2026-09-13T18:57:20.144919,1260005,22.2,56.0
2026-09-13T18:57:22.170113,1262028,22.2,56.0
2026-09-13T18:57:24.194971,1264051,22.2,56.0
2026-09-13T18:57:26.220210,1266074,22.2,56.0
2026-09-13T18:57:28.245034,1268097,22.2,56.0
2026-09-13T18:57:30.270351,1270120,22.2,56.0
2026-09-13T18:57:32.295316,1272143,22.2,56.0
2026-09-13T18:57:34.320511,1274166,22.2,56.0
2026-09-13T18:57:36.345284,1276190,22.2,56.0
2026-09-13T18:57:38.370490,1278213,22.2,56.0
2026-09-13T18:57:40.395426,1280235,22.2,56.0
2026-09-13T18:57:42.420800,1282257,22.2,56.0
2026-09-13T18:57:44.445782,1284279,22.1,56.0
2026-09-13T18:57:46.470999,1286301,22.1,56.0
2026-09-13T18:57:48.496040,1288323,22.1,56.0
2026-09-13T18:57:50.521556,1290346,22.1,56.0
2026-09-13T18:57:52.546466,1292370,22.1,56.0
2026-09-13T18:57:54.571844,1294392,22.1,56.0
2026-09-13T18:57:56.597033,1296414,22.1,56.0
2026-09-13T18:57:58.622138,1298436,22.1,56.0
2026-09-13T18:58:00.647349,1300458,22.1,56.0
2026-09-13T18:58:02.672724,1302481,22.1,56.0
2026-09-13T18:58:04.697754,1304504,22.0,56.0
2026-09-13T18:58:06.722785,1306528,22.0,56.0
2026-09-13T18:58:08.747938,1308550,22.0,56.0
2026-09-13T18:58:10.773054,1310572,22.0,56.0
2026-09-13T18:58:12.798143,1312594,22.0,56.0
2026-09-13T18:58:14.823105,1314616,22.0,56.0
2026-09-13T18:58:32.690020,1316638,22.0,56.0
2026-09-13T18:58:32.690166,1318660,21.9,56.0
2026-09-13T18:58:32.690279,1320682,21.9,56.0
2026-09-13T18:58:32.690388,1322705,21.9,56.0
2026-09-13T18:58:32.690494,1324728,21.9,56.0
2026-09-13T18:58:32.690598,1326750,21.9,56.0
2026-09-13T18:58:32.690702,1328772,21.9,56.0
2026-09-13T18:58:32.690806,1330794,21.9,56.0
2026-09-13T18:58:33.050109,1332817,21.9,56.0
2026-09-13T18:58:35.075143,1334841,21.9,56.0
2026-09-13T18:58:37.100648,1336863,21.9,56.0
2026-09-13T18:58:39.125510,1338885,21.8,56.0
2026-09-13T18:58:41.150757,1340907,21.8,56.0
2026-09-13T18:58:43.175916,1342929,21.8,56.0
2026-09-13T18:58:45.201245,1344951,21.8,57.0
2026-09-13T18:58:47.226216,1346974,21.8,57.0
2026-09-13T18:58:49.251708,1348997,21.8,57.0
2026-09-13T18:58:51.276624,1351019,21.8,57.0
2026-09-13T18:58:53.302119,1353041,21.8,57.0
2026-09-13T18:58:55.327214,1355063,21.8,57.0
2026-09-13T18:58:57.352289,1357085,21.8,57.0
2026-09-13T18:58:59.377657,1359109,21.8,57.0
2026-09-13T18:59:01.402974,1361131,21.7,57.0
2026-09-13T18:59:03.428104,1363153,21.7,57.0
2026-09-13T18:59:05.453614,1365175,21.7,57.0
2026-09-13T18:59:07.478925,1367198,21.7,57.0
2026-09-13T18:59:09.504064,1369220,21.7,57.0
2026-09-13T18:59:11.529498,1371242,21.7,57.0
2026-09-13T18:59:13.554839,1373266,21.7,57.0
2026-09-13T18:59:15.579994,1375288,21.7,57.0
2026-09-13T18:59:17.605447,1377310,21.7,57.0
2026-09-13T18:59:19.630667,1379332,21.7,57.0
2026-09-13T18:59:21.655940,1381355,21.7,57.0
2026-09-13T18:59:23.681312,1383377,21.7,57.0
2026-09-13T18:59:25.706553,1385399,21.7,57.0
2026-09-13T18:59:27.731962,1387422,21.7,57.0
2026-09-13T18:59:29.757320,1389445,21.6,57.0
2026-09-13T18:59:31.782514,1391467,21.6,57.0
2026-09-13T18:59:33.807406,1393489,21.6,57.0
2026-09-13T18:59:35.832786,1395511,21.6,57.0
2026-09-13T18:59:37.858086,1397534,21.6,57.0
2026-09-13T18:59:39.883737,1399558,21.6,57.0
2026-09-13T18:59:41.908552,1401580,21.6,57.0
2026-09-13T18:59:43.933523,1403602,21.6,57.0
2026-09-13T18:59:45.958895,1405624,21.6,57.0
2026-09-13T18:59:47.984063,1407646,21.6,57.0
2026-09-13T18:59:50.009064,1409669,21.6,57.0
2026-09-13T18:59:52.034437,1411692,21.6,57.0
2026-09-13T18:59:54.059722,1413714,21.5,57.0
2026-09-13T18:59:56.085062,1415736,21.5,57.0
2026-09-13T18:59:58.110059,1417758,21.5,57.0
2026-09-13T19:00:00.135654,1419782,21.5,57.0
2026-09-13T19:00:02.160549,1421804,21.5,57.0
2026-09-13T19:00:04.185829,1423826,21.5,57.0
2026-09-13T19:00:06.211230,1425848,21.5,57.0
2026-09-13T19:00:08.236343,1427871,21.5,57.0
2026-09-13T19:00:10.261816,1429894,21.5,57.0
2026-09-13T19:00:12.287116,1431916,21.5,57.0
2026-09-13T19:00:14.312095,1433938,21.5,57.0
2026-09-13T19:00:16.337437,1435960,21.5,57.0
2026-09-13T19:00:18.362598,1437983,21.4,57.0
2026-09-13T19:00:20.387902,1440006,21.4,57.0
2026-09-13T19:00:22.413034,1442028,21.4,57.0
2026-09-13T19:00:24.437974,1444050,21.4,57.0
2026-09-13T19:00:26.463353,1446072,21.4,57.0
2026-09-13T19:00:28.488504,1448094,21.4,57.0
2026-09-13T19:00:30.513496,1450116,21.4,57.0
2026-09-13T19:00:32.538846,1452139,21.4,57.0
2026-09-13T19:00:34.564114,1454163,21.4,57.0
2026-09-13T19:00:36.588998,1456185,21.4,57.0
2026-09-13T19:00:38.614275,1458207,21.4,57.0
2026-09-13T19:00:40.639396,1460229,21.4,57.0
2026-09-13T19:00:42.664583,1462251,21.4,57.0
2026-09-13T19:00:44.689654,1464273,21.4,57.0
2026-09-13T19:00:46.714888,1466295,21.4,57.0
2026-09-13T19:00:48.740050,1468318,21.4,57.0
2026-09-13T19:00:50.765168,1470341,21.3,57.0
2026-09-13T19:00:52.790508,1472363,21.3,57.0
2026-09-13T19:00:54.815703,1474385,21.3,57.0
2026-09-13T19:00:56.840732,1476407,21.3,57.0
2026-09-13T19:00:58.866146,1478429,21.3,57.0
2026-09-13T19:01:00.891400,1480453,21.3,57.0
2026-09-13T19:01:02.916345,1482475,21.3,58.0
2026-09-13T19:01:04.941723,1484497,21.3,58.0
2026-09-13T19:01:06.966869,1486519,21.3,58.0
2026-09-13T19:01:08.992131,1488541,21.3,58.0
2026-09-13T19:01:11.017340,1490564,21.3,58.0
2026-09-13T19:01:13.042580,1492587,21.3,58.0
2026-09-13T19:01:15.067960,1494609,21.3,58.0
2026-09-13T19:01:17.092818,1496631,21.3,58.0
2026-09-13T19:01:19.118133,1498653,21.3,58.0
2026-09-13T19:01:21.143366,1500675,21.3,58.0
2026-09-13T19:01:23.168635,1502698,21.2,58.0
2026-09-13T19:01:25.193575,1504721,21.2,58.0
2026-09-13T19:01:27.218889,1506743,21.2,58.0
2026-09-13T19:01:29.243991,1508765,21.2,58.0
2026-09-13T19:01:31.269134,1510787,21.2,58.0
2026-09-13T19:01:33.294398,1512809,21.2,58.0
2026-09-13T19:01:35.319470,1514831,21.2,58.0
2026-09-13T19:01:37.344813,1516854,21.2,58.0
2026-09-13T19:01:39.369766,1518878,21.2,58.0
2026-09-13T19:01:41.395071,1520900,21.2,58.0
2026-09-13T19:01:43.420056,1522922,21.2,58.0
2026-09-13T19:01:45.445295,1524944,21.2,58.0
2026-09-13T19:01:47.470409,1526966,21.2,58.0
2026-09-13T19:01:49.495694,1528988,21.2,58.0
2026-09-13T19:01:51.520813,1531011,21.2,58.0
2026-09-13T19:01:53.546072,1533034,21.2,58.0
2026-09-13T19:01:55.571146,1535057,21.2,58.0
2026-09-13T19:01:57.596420,1537079,21.2,58.0
2026-09-13T19:01:59.621458,1539101,21.2,58.0
2026-09-13T19:02:01.646657,1541123,21.2,58.0
2026-09-13T19:02:03.671706,1543145,21.2,58.0
2026-09-13T19:02:05.696859,1545167,21.2,58.0
2026-09-13T19:02:07.722062,1547190,21.2,58.0
2026-09-13T19:02:09.747150,1549213,21.2,58.0
2026-09-13T19:02:11.772519,1551236,21.2,58.0
2026-09-13T19:02:13.797509,1553258,21.2,58.0
2026-09-13T19:02:15.822855,1555280,21.2,58.0
2026-09-13T19:02:17.847933,1557302,21.2,58.0
2026-09-13T19:02:19.873078,1559324,21.2,58.0
2026-09-13T19:02:21.898139,1561346,21.2,58.0
2026-09-13T19:02:23.923648,1563369,21.1,58.0
2026-09-13T19:02:25.948535,1565392,21.1,58.0
2026-09-13T19:02:27.973499,1567416,21.1,58.0
2026-09-13T19:02:29.998804,1569438,21.1,58.0
2026-09-13T19:02:32.024021,1571460,21.1,58.0
2026-09-13T19:02:34.048978,1573482,21.1,58.0
2026-09-13T19:02:36.073886,1575504,21.1,58.0
2026-09-13T19:02:38.099259,1577526,21.1,58.0
2026-09-13T19:02:40.124462,1579548,21.1,58.0
2026-09-13T19:02:42.149411,1581570,21.1,58.0
2026-09-13T19:02:44.174547,1583592,21.1,58.0
2026-09-13T19:02:46.199631,1585615,21.1,58.0
2026-09-13T19:02:48.224910,1587638,21.1,58.0
2026-09-13T19:02:50.249778,1589661,21.1,58.0
2026-09-13T19:02:52.275070,1591685,21.1,58.0
2026-09-13T19:02:54.299944,1593707,21.1,58.0
2026-09-13T19:02:56.325089,1595729,21.1,58.0
2026-09-13T19:02:58.350338,1597751,21.1,58.0
2026-09-13T19:03:00.375371,1599773,21.1,58.0
2026-09-13T19:03:02.400650,1601795,21.1,58.0
2026-09-13T19:03:04.425705,1603817,21.1,58.0
2026-09-13T19:03:06.450595,1605839,21.1,58.0
2026-09-13T19:03:08.476062,1607861,21.1,58.0
2026-09-13T19:03:10.500838,1609884,21.1,58.0
2026-09-13T19:03:12.526016,1611907,21.1,58.0
2026-09-13T19:03:14.551256,1613930,21.1,58.0
2026-09-13T19:03:21.990936,1615954,21.1,58.0
2026-09-13T19:03:21.991041,1617976,21.1,58.0
2026-09-13T19:03:21.991114,1619998,21.1,58.0
2026-09-13T19:03:22.651728,1622020,21.1,58.0
2026-09-13T19:03:24.676659,1624042,21.1,58.0
2026-09-13T19:03:26.701945,1626064,21.1,58.0
2026-09-13T19:03:28.727156,1628086,21.1,58.0
2026-09-13T19:03:30.752015,1630108,21.1,58.0
2026-09-13T19:03:32.777241,1632130,21.1,58.0
2026-09-13T19:03:34.802353,1634153,21.1,58.0
2026-09-13T19:03:36.827410,1636176,21.1,58.0
2026-09-13T19:03:38.852629,1638200,21.1,58.0
2026-09-13T19:03:40.877667,1640222,21.1,58.0
2026-09-13T19:03:42.902853,1642244,21.0,58.0
2026-09-13T19:03:44.928179,1644266,21.0,58.0
2026-09-13T19:03:46.953478,1646288,21.0,58.0
2026-09-13T19:03:48.978577,1648310,21.0,58.0
2026-09-13T19:03:51.003796,1650333,21.0,58.0
2026-09-13T19:03:53.028953,1652356,21.0,58.0
2026-09-13T19:03:55.054012,1654378,21.0,58.0
2026-09-13T19:03:57.079408,1656400,21.0,58.0
2026-09-13T19:03:59.104429,1658422,21.0,58.0
2026-09-13T19:04:01.129828,1660444,21.0,58.0
2026-09-13T19:04:03.155139,1662468,21.0,58.0
2026-09-13T19:04:05.180051,1664490,21.0,58.0
2026-09-13T19:04:07.205394,1666512,21.0,58.0
2026-09-13T19:04:09.230641,1668534,21.0,58.0
2026-09-13T19:04:11.255740,1670556,21.0,58.0
2026-09-13T19:04:13.281135,1672579,21.0,58.0
2026-09-13T19:04:15.306419,1674602,21.0,58.0
2026-09-13T19:04:17.331282,1676624,21.0,58.0
2026-09-13T19:04:19.356534,1678646,21.0,58.0
2026-09-13T19:04:21.381718,1680668,21.0,58.0
2026-09-13T19:04:23.407087,1682690,21.0,58.0
2026-09-13T19:04:25.432261,1684713,21.0,58.0
2026-09-13T19:04:27.457244,1686737,21.0,59.0
2026-09-13T19:04:29.482522,1688759,21.0,59.0
2026-09-13T19:04:31.507427,1690781,21.0,59.0
2026-09-13T19:04:33.532588,1692803,21.0,59.0
2026-09-13T19:04:35.557681,1694825,21.0,59.0
2026-09-13T19:04:37.582874,1696847,21.0,59.0
2026-09-13T19:04:39.607944,1698869,21.0,58.0
2026-09-13T19:04:41.633301,1700891,21.0,58.0
2026-09-13T19:04:43.658405,1702914,21.0,58.0
2026-09-13T19:04:45.683608,1704937,21.0,58.0
2026-09-13T19:04:47.708780,1706959,21.0,58.0
2026-09-13T19:04:49.734175,1708981,21.0,58.0
2026-09-13T19:04:51.759272,1711003,21.0,58.0
2026-09-13T19:04:53.784360,1713025,21.0,58.0
2026-09-13T19:04:55.809586,1715048,21.0,58.0
2026-09-13T19:04:57.834763,1717071,21.0,58.0
2026-09-13T19:04:59.859987,1719093,21.0,58.0
2026-09-13T19:05:01.885335,1721115,21.0,58.0
2026-09-13T19:05:03.910591,1723137,21.0,58.0
2026-09-13T19:05:05.935740,1725159,21.0,58.0
2026-09-13T19:05:07.960921,1727182,21.0,58.0
2026-09-13T19:05:09.987064,1729205,21.0,58.0
2026-09-13T19:05:12.012517,1731227,21.0,58.0
2026-09-13T19:05:14.036743,1733249,21.0,58.0
2026-09-13T19:05:16.061850,1735271,21.0,58.0
2026-09-13T19:05:18.087221,1737294,21.0,58.0
2026-09-13T19:05:20.112152,1739318,21.0,58.0
2026-09-13T19:05:22.137498,1741340,21.0,58.0
2026-09-13T19:05:24.162692,1743362,21.0,58.0
2026-09-13T19:05:26.187922,1745384,21.0,58.0
2026-09-13T19:05:28.213089,1747406,21.0,58.0
2026-09-13T19:05:30.238413,1749429,20.9,58.0
2026-09-13T19:05:32.263500,1751452,20.9,58.0
2026-09-13T19:05:34.288812,1753474,20.9,58.0
2026-09-13T19:05:36.313989,1755496,20.9,58.0
2026-09-13T19:05:38.339420,1757518,20.9,58.0
2026-09-13T19:05:40.364535,1759542,20.9,58.0
2026-09-13T19:05:42.389957,1761564,20.9,58.0
2026-09-13T19:05:44.415172,1763586,20.9,58.0
2026-09-13T19:05:46.440410,1765608,20.9,58.0
2026-09-13T19:05:48.465751,1767631,20.9,58.0
2026-09-13T19:05:50.491056,1769654,20.9,58.0
2026-09-13T19:05:52.516037,1771676,20.9,58.0
2026-09-13T19:05:54.541429,1773698,20.9,58.0
2026-09-13T19:05:56.566691,1775720,20.9,58.0
2026-09-13T19:05:58.592090,1777743,20.9,58.0
2026-09-13T19:06:00.617207,1779765,20.9,58.0
2026-09-13T19:06:02.642340,1781787,20.9,58.0
2026-09-13T19:06:04.667821,1783809,20.9,58.0
2026-09-13T19:06:06.693094,1785833,20.9,58.0
2026-09-13T19:06:08.718206,1787855,20.9,58.0
2026-09-13T19:06:10.743415,1789877,20.9,58.0
2026-09-13T19:06:12.768724,1791899,20.9,58.0
2026-09-13T19:06:14.793992,1793922,20.9,58.0
2026-09-13T19:06:16.819432,1795945,20.9,58.0
2026-09-13T19:06:18.844567,1797967,20.9,58.0
2026-09-13T19:06:20.869636,1799989,20.9,58.0
2026-09-13T19:06:22.895181,1802011,20.9,58.0
2026-09-13T19:06:24.920535,1804034,20.9,58.0
2026-09-13T19:06:26.945384,1806056,20.9,58.0
2026-09-13T19:06:28.970736,1808078,20.9,58.0
2026-09-13T19:06:30.995930,1810100,20.9,58.0
2026-09-13T19:06:33.021271,1812123,20.9,58.0
2026-09-13T19:06:35.046596,1814146,20.9,58.0
2026-09-13T19:06:37.071890,1816168,20.9,58.0
2026-09-13T19:06:39.096994,1818190,20.9,58.0
2026-09-13T19:06:41.122312,1820213,20.9,58.0
2026-09-13T19:06:43.147596,1822236,20.9,58.0
2026-09-13T19:06:45.172843,1824258,20.9,58.0
2026-09-13T19:06:47.198130,1826280,20.9,58.0
2026-09-13T19:06:49.223400,1828302,20.9,58.0
2026-09-13T19:06:51.248639,1830326,20.9,58.0
2026-09-13T19:06:53.273960,1832348,20.9,58.0
2026-09-13T19:06:55.299116,1834370,20.9,58.0
2026-09-13T19:06:57.324348,1836392,20.9,58.0
2026-09-13T19:06:59.349705,1838415,20.9,58.0
2026-09-13T19:07:01.374783,1840438,20.9,58.0
2026-09-13T19:07:03.399989,1842460,20.9,58.0
2026-09-13T19:07:05.425536,1844482,20.9,58.0
2026-09-13T19:07:07.450887,1846504,20.9,58.0
2026-09-13T19:07:09.475999,1848527,20.9,58.0
2026-09-13T19:07:11.501166,1850549,20.9,58.0
2026-09-13T19:07:13.526456,1852571,20.9,58.0
2026-09-13T19:07:15.551671,1854593,20.9,58.0
2026-09-13T19:07:17.577061,1856616,20.9,58.0
2026-09-13T19:07:19.602261,1858639,20.9,58.0
2026-09-13T19:07:21.627577,1860661,20.9,58.0
2026-09-13T19:07:23.652793,1862683,20.9,58.0
2026-09-13T19:07:25.678249,1864706,20.9,58.0
2026-09-13T19:07:27.703169,1866729,20.9,58.0
2026-09-13T19:07:29.728500,1868751,20.8,58.0
2026-09-13T19:07:31.753607,1870773,20.8,58.0
2026-09-13T19:07:33.778623,1872795,20.8,58.0
2026-09-13T19:07:35.804078,1874817,20.8,59.0
2026-09-13T19:07:37.829236,1876840,20.8,59.0
2026-09-13T19:07:39.854468,1878863,20.8,59.0
2026-09-13T19:07:41.879980,1880885,20.8,59.0
2026-09-13T19:07:43.905146,1882907,20.8,59.0
2026-09-13T19:07:45.930211,1884929,20.8,59.0
2026-09-13T19:07:47.955983,1886952,20.8,59.0
2026-09-13T19:07:49.981012,1888974,20.8,59.0
2026-09-13T19:07:52.006138,1890996,20.8,59.0
2026-09-13T19:07:54.031412,1893018,20.8,59.0
2026-09-13T19:07:56.056674,1895042,20.8,59.0
2026-09-13T19:07:58.081804,1897064,20.8,59.0
2026-09-13T19:08:00.107372,1899086,20.8,59.0
2026-09-13T19:08:02.132615,1901108,20.8,59.0
2026-09-13T19:08:04.157567,1903131,20.8,59.0
2026-09-13T19:08:06.183049,1905154,20.8,59.0
2026-09-13T19:08:08.208343,1907176,20.8,59.0
2026-09-13T19:08:10.233480,1909198,20.8,59.0
2026-09-13T19:08:12.258547,1911220,20.8,59.0
2026-09-13T19:08:14.283969,1913244,20.8,59.0
